ut enim ad minim veniam	Ut consequat semper viverra nam libero justo. Ac tincidunt vitae semper quis lectus nulla at.	2022-06-10T05:12:12.337Z	Amsterdam	52.370216	4.895168	room-4.jpg	room-4-photo2.jpg;room-5-photo1.jpg;room-5-photo2.jpg;room-6-photo1.jpg;room-6-photo2.jpg;room-7-photo1.jpg;room-7-photo2.jpg;room-8-photo1.jpg;room-8-photo2.jpg	false	false	3.5	Room	5	4	37385	Towels;Fridge	Thomas	Dawson	gremmagropegru-7388@mail.com	avatar-3.jpg	0:UBjqVw	Default	8	49.967524	9.209845
consectetur adipiscing elit	Volutpat odio facilisis mauris sit amet massa. Purus faucibus ornare suspendisse sed nisi lacus sed viverra.	2022-07-06T05:12:12.336Z	Brussels	50.846557	4.351697	room-6.jpg	room-4-photo2.jpg;room-5-photo1.jpg;room-5-photo2.jpg;room-6-photo1.jpg;room-6-photo2.jpg;room-7-photo1.jpg;room-7-photo2.jpg;room-8-photo1.jpg;room-8-photo2.jpg	false	true	2.6	House	3	1	91779	Air conditioning;Laptop friendly workspace;Baby seat;Washer	Thomas	Dawson	quaucroibreweibroi-2398@mail.com	avatar-7.jpg	+vOD3CV|	Pro	5	48.320844	2.225397
duis aute irure dolor in reprehenderit	Volutpat odio facilisis mauris sit amet massa. Purus faucibus ornare suspendisse sed nisi lacus sed viverra.	2022-02-11T05:12:12.338Z	Cologne	50.938361	6.959974	room-3.jpg	room-6-photo2.jpg;room-7-photo1.jpg;room-7-photo2.jpg;room-8-photo1.jpg;room-8-photo2.jpg	false	false	2.4	Room	2	4	78933	Washer;Towels;Fridge	Ray	Anderson	gremmagropegru-7388@mail.com	avatar-3.jpg	0:UBjqVw	Pro	8	48.279581	3.054341
lorem ipsum dolor sit amet	Neque viverra justo nec ultrices dui sapien eget. Sit amet risus nullam eget felis eget nunc lobortis.	2022-05-10T05:12:12.338Z	Brussels	50.846557	4.351697	room-5.jpg	room-4-photo1.jpg;room-4-photo2.jpg;room-5-photo1.jpg;room-5-photo2.jpg;room-6-photo1.jpg;room-6-photo2.jpg;room-7-photo1.jpg;room-7-photo2.jpg;room-8-photo1.jpg;room-8-photo2.jpg	true	true	1.5	Apartment	7	10	95985	Air conditioning;Laptop friendly workspace;Baby seat;Washer;Towels;Fridge	Christopher	Torres	hifoprobreva-4771@mail.com	avatar-6.jpg	l.g!4prU	Pro	2	48.056558	5.163172
ut enim ad minim veniam	Quisque non tellus orci ac. Euismod in pellentesque massa placerat. In massa tempor nec feugiat nisl.	2022-07-10T05:12:12.338Z	Hamburg	53.550341	10.000654	room-3.jpg	room-1-photo1.jpg;room-1-photo2.jpg;room-2-photo1.jpg;room-2-photo2.jpg;room-3-photo1.jpg;room-3-photo2.jpg;room-4-photo1.jpg;room-4-photo2.jpg;room-5-photo1.jpg	false	false	1.3	Hotel	5	3	46920	Air conditioning;Laptop friendly workspace;Baby seat;Washer;Towels;Fridge	Brandon	Freeman	sasoxefrauteu-3265@mail.com	avatar-7.jpg	Hjxl#W7H	Default	2	50.464781	5.710283
quis nostrud exercitation ullamco laboris nisi 	 Lacus suspendisse faucibus interdum posuere. Ut morbi tincidunt augue interdum.	2021-11-08T05:12:12.338Z	Hamburg	53.550341	10.000654	room-5.jpg	room-3-photo2.jpg;room-4-photo1.jpg;room-4-photo2.jpg;room-5-photo1.jpg;room-5-photo2.jpg;room-6-photo1.jpg;room-6-photo2.jpg;room-7-photo1.jpg;room-7-photo2.jpg;room-8-photo1.jpg;room-8-photo2.jpg	true	true	3.8	House	6	5	98303	Laptop friendly workspace;Baby seat;Washer;Towels;Fridge	Judy	Chavez	quaucroibreweibroi-2398@mail.com	avatar-6.jpg	0:UBjqVw	Default	6	48.445946	3.146712
ut enim ad minim veniam	Volutpat odio facilisis mauris sit amet massa. Purus faucibus ornare suspendisse sed nisi lacus sed viverra.	2022-05-09T05:12:12.339Z	Amsterdam	52.370216	4.895168	room-2.jpg	room-7-photo2.jpg;room-8-photo1.jpg;room-8-photo2.jpg	false	false	3.2	Room	4	9	98013	Washer;Towels;Fridge	Ray	Anderson	mijippoddekoi-8627@mail.com	avatar-4.jpg	L}eeU5Ky	Default	1	50.017994	7.191569
ut labore et dolore magna aliqua	Ultricies integer quis auctor elit. In est ante in nibh mauris cursus mattis molestie.	2022-05-06T05:12:12.338Z	Hamburg	53.550341	10.000654	room-4.jpg	room-2-photo1.jpg;room-2-photo2.jpg;room-3-photo1.jpg;room-3-photo2.jpg;room-4-photo1.jpg;room-4-photo2.jpg;room-5-photo1.jpg;room-5-photo2.jpg;room-6-photo1.jpg;room-6-photo2.jpg;room-7-photo1.jpg;room-7-photo2.jpg;room-8-photo1.jpg;room-8-photo2.jpg	false	true	3.1	Apartment	5	7	60108	Towels;Fridge	Brandon	Freeman	zeuhummewoima-7270@mail.com	avatar-2.jpg	me[wcZq2	Default	0	49.705206	9.993164
ut enim ad minim veniam	 Lacus suspendisse faucibus interdum posuere. Ut morbi tincidunt augue interdum.	2022-03-06T05:12:12.338Z	Cologne	50.938361	6.959974	room-6.jpg	room-4-photo2.jpg;room-5-photo1.jpg;room-5-photo2.jpg;room-6-photo1.jpg;room-6-photo2.jpg;room-7-photo1.jpg;room-7-photo2.jpg;room-8-photo1.jpg;room-8-photo2.jpg	false	false	2	Room	4	5	55840	Towels;Fridge	Thomas	Dawson	sasoxefrauteu-3265@mail.com	avatar-4.jpg	r8C3dFj:	Default	4	49.57765	9.987297
lorem ipsum dolor sit amet	Ut consequat semper viverra nam libero justo. Ac tincidunt vitae semper quis lectus nulla at.	2021-12-07T05:12:12.339Z	Hamburg	53.550341	10.000654	room-5.jpg	room-1-photo1.jpg;room-1-photo2.jpg	false	false	3.6	Apartment	4	8	71036	Laptop friendly workspace;Baby seat;Washer	Brandon	Freeman	zeuhummewoima-7270@mail.com	avatar-4.jpg	Hjxl#W7H	Pro	8	49.863525	4.720827
quis nostrud exercitation ullamco laboris nisi 	Volutpat odio facilisis mauris sit amet massa. Purus faucibus ornare suspendisse sed nisi lacus sed viverra.	2021-11-07T10:23:50.271Z	Paris	48.85661	2.351499	room-4.jpg	room-8-photo1.jpg;room-8-photo2.jpg	true	false	2.7	House	6	7	5624	Air conditioning;Laptop friendly workspace;Baby seat;Washer	Thomas	Dawson	mehoilleutubrei-4332@mail.com	avatar-5.jpg	r8C3dFj:	Default	2	49.255065	8.772298
ut enim ad minim veniam	Ut consequat semper viverra nam libero justo. Ac tincidunt vitae semper quis lectus nulla at.	2022-08-12T10:23:50.273Z	Cologne	50.938361	6.959974	room-6.jpg	room-8-photo1.jpg;room-8-photo2.jpg	true	true	1.2	Room	7	10	23286	Washer;Towels;Fridge	Thomas	Dawson	gremmagropegru-7388@mail.com	avatar-7.jpg	r8C3dFj:	Pro	2	48.429598	5.886717
quis nostrud exercitation ullamco laboris nisi 	Odio pellentesque diam volutpat commodo sed egestas egestas fringilla phasellus. Feugiat vivamus at augue eget arcu dictum varius duis.	2022-06-09T10:23:50.274Z	Hamburg	53.550341	10.000654	room-5.jpg	room-7-photo2.jpg;room-8-photo1.jpg;room-8-photo2.jpg	true	true	3.6	Hotel	4	9	23912	Washer;Towels;Fridge	Ray	Anderson	hifoprobreva-4771@mail.com	avatar-3.jpg	0:UBjqVw	Default	7	50.106253	7.691845
ut labore et dolore magna aliqua	Odio pellentesque diam volutpat commodo sed egestas egestas fringilla phasellus. Feugiat vivamus at augue eget arcu dictum varius duis.	2022-01-09T10:23:50.274Z	Hamburg	53.550341	10.000654	room-5.jpg	room-4-photo1.jpg;room-4-photo2.jpg;room-5-photo1.jpg;room-5-photo2.jpg;room-6-photo1.jpg;room-6-photo2.jpg;room-7-photo1.jpg;room-7-photo2.jpg;room-8-photo1.jpg;room-8-photo2.jpg	true	true	1.8	House	7	3	44123		Brandon	Freeman	zeuhummewoima-7270@mail.com	avatar-7.jpg	L}eeU5Ky	Pro	3	48.851762	6.484696
ut labore et dolore magna aliqua	Odio pellentesque diam volutpat commodo sed egestas egestas fringilla phasellus. Feugiat vivamus at augue eget arcu dictum varius duis.	2022-02-12T10:23:50.274Z	Paris	48.85661	2.351499	room-2.jpg	room-1-photo2.jpg;room-2-photo1.jpg;room-2-photo2.jpg;room-3-photo1.jpg;room-3-photo2.jpg;room-4-photo1.jpg;room-4-photo2.jpg	true	true	3.6	Room	6	10	22655	Air conditioning	Ray	Anderson	zeuhummewoima-7270@mail.com	avatar-1.jpg	me[wcZq2	Default	4	49.125995	7.107166
consectetur adipiscing elit	Odio pellentesque diam volutpat commodo sed egestas egestas fringilla phasellus. Feugiat vivamus at augue eget arcu dictum varius duis.	2021-12-12T10:23:50.274Z	Hamburg	53.550341	10.000654	room-3.jpg	room-6-photo2.jpg;room-7-photo1.jpg;room-7-photo2.jpg;room-8-photo1.jpg;room-8-photo2.jpg	false	true	1.3	Hotel	2	1	3246	Air conditioning;Laptop friendly workspace;Baby seat	Judy	Chavez	mijippoddekoi-8627@mail.com	avatar-2.jpg	L}eeU5Ky	Default	3	50.091173	3.871475
ut enim ad minim veniam	Volutpat odio facilisis mauris sit amet massa. Purus faucibus ornare suspendisse sed nisi lacus sed viverra.	2022-02-08T10:23:50.274Z	Cologne	50.938361	6.959974	room-2.jpg	room-6-photo1.jpg;room-6-photo2.jpg;room-7-photo1.jpg;room-7-photo2.jpg;room-8-photo1.jpg;room-8-photo2.jpg	false	true	1.4	Room	7	8	7440	Air conditioning;Laptop friendly workspace	Thomas	Dawson	mijippoddekoi-8627@mail.com	avatar-7.jpg	Hjxl#W7H	Default	3	50.533126	4.524219
ut enim ad minim veniam	Volutpat odio facilisis mauris sit amet massa. Purus faucibus ornare suspendisse sed nisi lacus sed viverra.	2022-06-08T10:23:50.274Z	Paris	48.85661	2.351499	room-7.jpg	room-8-photo2.jpg	false	true	2.6	Apartment	6	9	28875	Laptop friendly workspace;Baby seat;Washer;Towels;Fridge	Brandon	Freeman	quaucroibreweibroi-2398@mail.com	avatar-4.jpg	L}eeU5Ky	Default	5	48.89147	4.932753
ut enim ad minim veniam	Ultricies integer quis auctor elit. In est ante in nibh mauris cursus mattis molestie.	2022-01-08T10:23:50.275Z	Amsterdam	52.370216	4.895168	room-4.jpg	room-3-photo2.jpg;room-4-photo1.jpg;room-4-photo2.jpg;room-5-photo1.jpg;room-5-photo2.jpg;room-6-photo1.jpg;room-6-photo2.jpg;room-7-photo1.jpg;room-7-photo2.jpg;room-8-photo1.jpg;room-8-photo2.jpg	true	true	3.7	Room	4	3	5638	Towels;Fridge	Judy	Chavez	mehoilleutubrei-4332@mail.com	avatar-5.jpg	L}eeU5Ky	Default	3	49.30537	7.996059
sed do eiusmod tempor incididunt	Egestas maecenas pharetra convallis posuere morbi. Aliquet bibendum enim facilisis gravida neque convallis a.	2021-12-10T10:23:50.274Z	Amsterdam	52.370216	4.895168	room-4.jpg	room-6-photo2.jpg;room-7-photo1.jpg;room-7-photo2.jpg;room-8-photo1.jpg;room-8-photo2.jpg	true	false	3.6	Room	2	1	3757	Fridge	Thomas	Dawson	zeuhummewoima-7270@mail.com	avatar-3.jpg	me[wcZq2	Pro	2	50.09632	6.789999
ut enim ad minim veniam	Neque viverra justo nec ultrices dui sapien eget. Sit amet risus nullam eget felis eget nunc lobortis.	2022-08-09T10:23:50.275Z	Amsterdam	52.370216	4.895168	room-5.jpg	room-1-photo2.jpg;room-2-photo1.jpg;room-2-photo2.jpg;room-3-photo1.jpg;room-3-photo2.jpg;room-4-photo1.jpg;room-4-photo2.jpg;room-5-photo1.jpg;room-5-photo2.jpg;room-6-photo1.jpg;room-6-photo2.jpg;room-7-photo1.jpg;room-7-photo2.jpg	false	false	3.8	House	4	2	31026	Washer;Towels;Fridge	Brandon	Freeman	quaucroibreweibroi-2398@mail.com	avatar-4.jpg	0:UBjqVw	Pro	9	49.279444	9.420061
ut labore et dolore magna aliqua	Neque viverra justo nec ultrices dui sapien eget. Sit amet risus nullam eget felis eget nunc lobortis.	2021-11-11T10:23:50.275Z	Cologne	50.938361	6.959974	room-4.jpg	room-7-photo1.jpg;room-7-photo2.jpg;room-8-photo1.jpg;room-8-photo2.jpg	false	true	3.8	House	7	3	37142	Towels;Fridge	Ray	Anderson	mijippoddekoi-8627@mail.com	avatar-7.jpg	AOy?Tb3>	Pro	9	49.127523	5.58615
lorem ipsum dolor sit amet	Ut consequat semper viverra nam libero justo. Ac tincidunt vitae semper quis lectus nulla at.	2022-04-08T10:23:50.275Z	Amsterdam	52.370216	4.895168	room-2.jpg	room-4-photo2.jpg;room-5-photo1.jpg;room-5-photo2.jpg;room-6-photo1.jpg;room-6-photo2.jpg;room-7-photo1.jpg;room-7-photo2.jpg;room-8-photo1.jpg;room-8-photo2.jpg	true	true	2.8	House	4	9	17845	Towels;Fridge	Daniel	Kelly	quaucroibreweibroi-2398@mail.com	avatar-2.jpg	me[wcZq2	Pro	1	48.534803	3.130462
consectetur adipiscing elit	Egestas maecenas pharetra convallis posuere morbi. Aliquet bibendum enim facilisis gravida neque convallis a.	2022-02-12T10:23:50.275Z	Amsterdam	52.370216	4.895168	room-1.jpg	room-5-photo1.jpg;room-5-photo2.jpg;room-6-photo1.jpg;room-6-photo2.jpg;room-7-photo1.jpg;room-7-photo2.jpg;room-8-photo1.jpg;room-8-photo2.jpg	true	true	2.1	Room	7	9	79894	Towels;Fridge	Christopher	Torres	mijippoddekoi-8627@mail.com	avatar-2.jpg	AOy?Tb3>	Pro	5	48.049706	8.342455
ut enim ad minim veniam	Ut consequat semper viverra nam libero justo. Ac tincidunt vitae semper quis lectus nulla at.	2021-10-07T10:23:50.275Z	Hamburg	53.550341	10.000654	room-7.jpg	room-6-photo1.jpg;room-6-photo2.jpg;room-7-photo1.jpg;room-7-photo2.jpg;room-8-photo1.jpg;room-8-photo2.jpg	true	true	2.1	Hotel	4	9	78674	Air conditioning;Laptop friendly workspace;Baby seat;Washer;Towels;Fridge	Daniel	Kelly	sasoxefrauteu-3265@mail.com	avatar-7.jpg	+vOD3CV|	Pro	6	50.948154	2.623059
ut labore et dolore magna aliqua	Volutpat odio facilisis mauris sit amet massa. Purus faucibus ornare suspendisse sed nisi lacus sed viverra.	2022-04-08T10:23:50.275Z	Hamburg	53.550341	10.000654	room-7.jpg	room-7-photo1.jpg;room-7-photo2.jpg;room-8-photo1.jpg;room-8-photo2.jpg	false	true	3.5	House	2	8	32285	Towels;Fridge	Ray	Anderson	mijippoddekoi-8627@mail.com	avatar-3.jpg	L}eeU5Ky	Pro	2	48.095857	2.971426
quis nostrud exercitation ullamco laboris nisi 	 Lacus suspendisse faucibus interdum posuere. Ut morbi tincidunt augue interdum.	2022-01-09T10:23:50.275Z	Dusseldorf	51.225402	6.776314	room-2.jpg	room-2-photo1.jpg;room-2-photo2.jpg;room-3-photo1.jpg;room-3-photo2.jpg;room-4-photo1.jpg;room-4-photo2.jpg;room-5-photo1.jpg;room-5-photo2.jpg;room-6-photo1.jpg;room-6-photo2.jpg;room-7-photo1.jpg;room-7-photo2.jpg;room-8-photo1.jpg;room-8-photo2.jpg	true	false	2.2	Room	5	8	54955	Air conditioning;Laptop friendly workspace;Baby seat	Thomas	Dawson	craddagrizouxu-6960@mail.com	avatar-3.jpg	l.g!4prU	Default	1	48.881293	4.302836
ut enim ad minim veniam	Ultricies integer quis auctor elit. In est ante in nibh mauris cursus mattis molestie.	2022-01-12T10:23:50.275Z	Brussels	50.846557	4.351697	room-3.jpg	room-3-photo1.jpg;room-3-photo2.jpg;room-4-photo1.jpg;room-4-photo2.jpg;room-5-photo1.jpg;room-5-photo2.jpg;room-6-photo1.jpg;room-6-photo2.jpg;room-7-photo1.jpg;room-7-photo2.jpg;room-8-photo1.jpg;room-8-photo2.jpg	true	false	2.8	Room	8	7	14456	Baby seat;Washer;Towels;Fridge	Mark	Davis	mijippoddekoi-8627@mail.com	avatar-5.jpg	r8C3dFj:	Pro	8	49.906371	4.863194
lorem ipsum dolor sit amet	Neque viverra justo nec ultrices dui sapien eget. Sit amet risus nullam eget felis eget nunc lobortis.	2021-10-08T10:23:50.275Z	Paris	48.85661	2.351499	room-5.jpg	room-6-photo2.jpg;room-7-photo1.jpg;room-7-photo2.jpg;room-8-photo1.jpg;room-8-photo2.jpg	true	false	1.6	Room	6	8	40863	Fridge	Vanessa	Miller	gremmagropegru-7388@mail.com	avatar-6.jpg	+vOD3CV|	Pro	9	50.266774	8.360596
excepteur sint occaecat cupidatat non proident	Odio pellentesque diam volutpat commodo sed egestas egestas fringilla phasellus. Feugiat vivamus at augue eget arcu dictum varius duis.	2022-04-08T10:23:50.275Z	Paris	48.85661	2.351499	room-6.jpg	room-8-photo1.jpg;room-8-photo2.jpg	false	false	4	Apartment	1	9	26471	Laptop friendly workspace;Baby seat;Washer;Towels;Fridge	Thomas	Dawson	quaucroibreweibroi-2398@mail.com	avatar-8.jpg	AOy?Tb3>	Pro	9	49.748748	7.241139
