consectetur adipiscing elit	 Lacus suspendisse faucibus interdum posuere. Ut morbi tincidunt augue interdum.	2021-12-09T15:46:06.688Z	Hamburg	53.550341	10.000654	room-2.jpg	room-2-photo2.jpg;room-3-photo1.jpg;room-3-photo2.jpg;room-4-photo1.jpg	true	false	2.7	Room	3	9	85110	Air conditioning;Laptop friendly workspace;Baby seat;Washer;Towels;Fridge	Christopher	Torres	gremmagropegru-7388@mail.com	avatar-3.jpg	L}eeU5Ky	Pro	7	49.101162	6.161172
sed do eiusmod tempor incididunt	Ultricies integer quis auctor elit. In est ante in nibh mauris cursus mattis molestie.	2022-04-08T15:46:06.689Z	Brussels	50.846557	4.351697	room-7.jpg	room-6-photo2.jpg;room-7-photo1.jpg;room-7-photo2.jpg;room-8-photo1.jpg;room-8-photo2.jpg	false	false	2.2	Room	5	7	63451	Laptop friendly workspace;Baby seat;Washer;Towels;Fridge	Christopher	Torres	sasoxefrauteu-3265@mail.com	avatar-3.jpg	r8C3dFj:	Default	5	49.412624	5.19298
sed do eiusmod tempor incididunt	Egestas maecenas pharetra convallis posuere morbi. Aliquet bibendum enim facilisis gravida neque convallis a.	2022-03-06T15:46:06.689Z	Dusseldorf	51.225402	6.776314	room-2.jpg	room-1-photo1.jpg;room-1-photo2.jpg;room-2-photo1.jpg;room-2-photo2.jpg;room-3-photo1.jpg;room-3-photo2.jpg;room-4-photo1.jpg;room-4-photo2.jpg;room-5-photo1.jpg;room-5-photo2.jpg;room-6-photo1.jpg;room-6-photo2.jpg;room-7-photo1.jpg;room-7-photo2.jpg;room-8-photo1.jpg	false	false	3.7	Apartment	7	5	18329	Air conditioning;Laptop friendly workspace	Christopher	Torres	zeuhummewoima-7270@mail.com	avatar-2.jpg	r8C3dFj:	Default	3	49.095	9.377895
ut enim ad minim veniam	Egestas maecenas pharetra convallis posuere morbi. Aliquet bibendum enim facilisis gravida neque convallis a.	2022-02-06T15:46:06.689Z	Cologne	50.938361	6.959974	room-7.jpg	room-4-photo2.jpg;room-5-photo1.jpg;room-5-photo2.jpg;room-6-photo1.jpg;room-6-photo2.jpg;room-7-photo1.jpg;room-7-photo2.jpg	true	true	1.6	Room	6	5	26144	Laptop friendly workspace;Baby seat;Washer	Mark	Davis	craddagrizouxu-6960@mail.com	avatar-6.jpg	l.g!4prU	Pro	7	48.960287	4.875745
ut enim ad minim veniam	Odio pellentesque diam volutpat commodo sed egestas egestas fringilla phasellus. Feugiat vivamus at augue eget arcu dictum varius duis.	2021-11-07T15:46:06.689Z	Hamburg	53.550341	10.000654	room-3.jpg	room-7-photo2.jpg;room-8-photo1.jpg;room-8-photo2.jpg	false	false	1.3	House	8	3	16205	Baby seat;Washer;Towels;Fridge	Ray	Anderson	mijippoddekoi-8627@mail.com	avatar-7.jpg	AOy?Tb3>	Pro	8	50.026656	9.148652
quis nostrud exercitation ullamco laboris nisi 	Volutpat odio facilisis mauris sit amet massa. Purus faucibus ornare suspendisse sed nisi lacus sed viverra.	2022-05-12T15:46:06.690Z	Brussels	50.846557	4.351697	room-7.jpg	room-4-photo2.jpg;room-5-photo1.jpg;room-5-photo2.jpg;room-6-photo1.jpg;room-6-photo2.jpg;room-7-photo1.jpg;room-7-photo2.jpg;room-8-photo1.jpg;room-8-photo2.jpg	false	true	3	House	8	4	39587	Air conditioning;Laptop friendly workspace;Baby seat	Ray	Anderson	mehoilleutubrei-4332@mail.com	avatar-8.jpg	AOy?Tb3>	Pro	6	49.323912	3.910068
excepteur sint occaecat cupidatat non proident	Ultricies integer quis auctor elit. In est ante in nibh mauris cursus mattis molestie.	2021-11-07T15:46:06.690Z	Hamburg	53.550341	10.000654	room-3.jpg	room-5-photo1.jpg;room-5-photo2.jpg;room-6-photo1.jpg;room-6-photo2.jpg;room-7-photo1.jpg;room-7-photo2.jpg;room-8-photo1.jpg;room-8-photo2.jpg	false	false	3.7	Room	7	5	92837	Air conditioning;Laptop friendly workspace	Ray	Anderson	sasoxefrauteu-3265@mail.com	avatar-4.jpg	r8C3dFj:	Default	6	49.093827	8.869449
ut enim ad minim veniam	Volutpat odio facilisis mauris sit amet massa. Purus faucibus ornare suspendisse sed nisi lacus sed viverra.	2022-01-10T15:46:06.690Z	Brussels	50.846557	4.351697	room-4.jpg	room-3-photo1.jpg;room-3-photo2.jpg;room-4-photo1.jpg;room-4-photo2.jpg	true	true	2.1	House	4	8	33991	Washer;Towels;Fridge	Vanessa	Miller	sasoxefrauteu-3265@mail.com	avatar-7.jpg	Hjxl#W7H	Default	2	49.079748	5.086895
excepteur sint occaecat cupidatat non proident	 Lacus suspendisse faucibus interdum posuere. Ut morbi tincidunt augue interdum.	2022-05-09T15:46:06.690Z	Hamburg	53.550341	10.000654	room-3.jpg	room-6-photo2.jpg;room-7-photo1.jpg;room-7-photo2.jpg;room-8-photo1.jpg;room-8-photo2.jpg	true	true	1.9	House	5	9	81732	Laptop friendly workspace;Baby seat;Washer;Towels;Fridge	Ray	Anderson	quaucroibreweibroi-2398@mail.com	avatar-4.jpg	0:UBjqVw	Default	8	48.549504	3.795926
ut enim ad minim veniam	Ut consequat semper viverra nam libero justo. Ac tincidunt vitae semper quis lectus nulla at.	2022-02-07T15:46:06.690Z	Cologne	50.938361	6.959974	room-1.jpg	room-2-photo2.jpg;room-3-photo1.jpg;room-3-photo2.jpg	true	true	3.7	Room	5	7	6973	Baby seat;Washer;Towels;Fridge	Daniel	Kelly	mijippoddekoi-8627@mail.com	avatar-6.jpg	AOy?Tb3>	Default	2	49.357442	9.201543
excepteur sint occaecat cupidatat non proident	Quisque non tellus orci ac. Euismod in pellentesque massa placerat. In massa tempor nec feugiat nisl.	2022-05-11T15:46:06.690Z	Dusseldorf	51.225402	6.776314	room-1.jpg	room-3-photo1.jpg;room-3-photo2.jpg;room-4-photo1.jpg;room-4-photo2.jpg;room-5-photo1.jpg;room-5-photo2.jpg;room-6-photo1.jpg;room-6-photo2.jpg;room-7-photo1.jpg;room-7-photo2.jpg;room-8-photo1.jpg;room-8-photo2.jpg	true	false	1.3	Room	3	9	2717	Fridge	Ray	Anderson	sasoxefrauteu-3265@mail.com	avatar-5.jpg	0:UBjqVw	Pro	4	50.548708	7.543221
ut enim ad minim veniam	Volutpat odio facilisis mauris sit amet massa. Purus faucibus ornare suspendisse sed nisi lacus sed viverra.	2022-05-12T15:46:06.690Z	Amsterdam	52.370216	4.895168	room-8.jpg	room-5-photo1.jpg;room-5-photo2.jpg;room-6-photo1.jpg;room-6-photo2.jpg;room-7-photo1.jpg;room-7-photo2.jpg;room-8-photo1.jpg;room-8-photo2.jpg	true	false	3.5	Hotel	7	2	66534	Air conditioning;Laptop friendly workspace;Baby seat;Washer	Judy	Chavez	mehoilleutubrei-4332@mail.com	avatar-5.jpg	r8C3dFj:	Pro	1	49.05871	8.123778
duis aute irure dolor in reprehenderit	Egestas maecenas pharetra convallis posuere morbi. Aliquet bibendum enim facilisis gravida neque convallis a.	2021-12-06T15:46:06.690Z	Paris	48.85661	2.351499	room-2.jpg	room-3-photo2.jpg;room-4-photo1.jpg;room-4-photo2.jpg;room-5-photo1.jpg;room-5-photo2.jpg;room-6-photo1.jpg;room-6-photo2.jpg;room-7-photo1.jpg;room-7-photo2.jpg;room-8-photo1.jpg;room-8-photo2.jpg	false	true	2.3	House	7	9	2684	Washer;Towels;Fridge	Daniel	Kelly	mehoilleutubrei-4332@mail.com	avatar-8.jpg	AOy?Tb3>	Default	2	50.239927	7.796618
duis aute irure dolor in reprehenderit	 Lacus suspendisse faucibus interdum posuere. Ut morbi tincidunt augue interdum.	2022-06-10T15:46:06.690Z	Hamburg	53.550341	10.000654	room-6.jpg	room-5-photo1.jpg;room-5-photo2.jpg;room-6-photo1.jpg;room-6-photo2.jpg;room-7-photo1.jpg;room-7-photo2.jpg;room-8-photo1.jpg;room-8-photo2.jpg	true	false	2.1	House	5	6	84714	Air conditioning;Laptop friendly workspace	Ray	Anderson	mijippoddekoi-8627@mail.com	avatar-8.jpg	L}eeU5Ky	Pro	4	48.55249	8.031273
quis nostrud exercitation ullamco laboris nisi 	Ut consequat semper viverra nam libero justo. Ac tincidunt vitae semper quis lectus nulla at.	2022-07-09T15:46:06.690Z	Brussels	50.846557	4.351697	room-6.jpg	room-2-photo1.jpg;room-2-photo2.jpg;room-3-photo1.jpg;room-3-photo2.jpg;room-4-photo1.jpg;room-4-photo2.jpg	true	false	3.2	House	5	3	14326	Baby seat;Washer;Towels;Fridge	Christopher	Torres	mehoilleutubrei-4332@mail.com	avatar-1.jpg	me[wcZq2	Pro	5	49.193513	3.083162
ut enim ad minim veniam	Ultricies integer quis auctor elit. In est ante in nibh mauris cursus mattis molestie.	2022-05-08T15:46:06.691Z	Paris	48.85661	2.351499	room-4.jpg	room-3-photo1.jpg;room-3-photo2.jpg;room-4-photo1.jpg;room-4-photo2.jpg;room-5-photo1.jpg;room-5-photo2.jpg;room-6-photo1.jpg;room-6-photo2.jpg;room-7-photo1.jpg	false	true	2.7	Room	8	9	24688	Air conditioning;Laptop friendly workspace;Baby seat;Washer	Judy	Chavez	mehoilleutubrei-4332@mail.com	avatar-8.jpg	Hjxl#W7H	Default	9	49.850406	8.933306
consectetur adipiscing elit	Odio pellentesque diam volutpat commodo sed egestas egestas fringilla phasellus. Feugiat vivamus at augue eget arcu dictum varius duis.	2021-10-10T15:46:06.691Z	Paris	48.85661	2.351499	room-4.jpg	room-7-photo2.jpg;room-8-photo1.jpg;room-8-photo2.jpg	false	false	2.1	House	3	6	2340	Baby seat;Washer;Towels;Fridge	Thomas	Dawson	sasoxefrauteu-3265@mail.com	avatar-3.jpg	0:UBjqVw	Pro	5	48.161246	9.071503
duis aute irure dolor in reprehenderit	Odio pellentesque diam volutpat commodo sed egestas egestas fringilla phasellus. Feugiat vivamus at augue eget arcu dictum varius duis.	2021-12-07T15:46:06.691Z	Amsterdam	52.370216	4.895168	room-2.jpg	room-5-photo1.jpg;room-5-photo2.jpg;room-6-photo1.jpg;room-6-photo2.jpg;room-7-photo1.jpg;room-7-photo2.jpg;room-8-photo1.jpg;room-8-photo2.jpg	false	true	3.2	House	2	8	47024	Baby seat;Washer;Towels;Fridge	Christopher	Torres	zeuhummewoima-7270@mail.com	avatar-4.jpg	AOy?Tb3>	Default	5	50.661844	3.610372
sed do eiusmod tempor incididunt	Volutpat odio facilisis mauris sit amet massa. Purus faucibus ornare suspendisse sed nisi lacus sed viverra.	2022-03-09T15:46:06.691Z	Amsterdam	52.370216	4.895168	room-4.jpg	room-1-photo1.jpg;room-1-photo2.jpg;room-2-photo1.jpg;room-2-photo2.jpg;room-3-photo1.jpg;room-3-photo2.jpg;room-4-photo1.jpg;room-4-photo2.jpg;room-5-photo1.jpg;room-5-photo2.jpg;room-6-photo1.jpg	false	false	3	Room	6	5	86345	Washer;Towels;Fridge	Brandon	Freeman	zeuhummewoima-7270@mail.com	avatar-6.jpg	Hjxl#W7H	Default	7	50.879409	9.197693
ut enim ad minim veniam	Ultricies integer quis auctor elit. In est ante in nibh mauris cursus mattis molestie.	2022-06-08T15:46:06.691Z	Brussels	50.846557	4.351697	room-2.jpg	room-7-photo2.jpg;room-8-photo1.jpg;room-8-photo2.jpg	true	false	1.8	Room	1	8	6121	Laptop friendly workspace;Baby seat;Washer;Towels;Fridge	Thomas	Dawson	zeuhummewoima-7270@mail.com	avatar-4.jpg	me[wcZq2	Pro	6	48.374069	7.625495
duis aute irure dolor in reprehenderit	 Lacus suspendisse faucibus interdum posuere. Ut morbi tincidunt augue interdum.	2022-06-09T15:46:06.691Z	Paris	48.85661	2.351499	room-5.jpg	room-3-photo2.jpg;room-4-photo1.jpg;room-4-photo2.jpg;room-5-photo1.jpg;room-5-photo2.jpg;room-6-photo1.jpg;room-6-photo2.jpg;room-7-photo1.jpg;room-7-photo2.jpg;room-8-photo1.jpg;room-8-photo2.jpg	false	false	3.7	Apartment	4	8	86358	Washer;Towels;Fridge	Christopher	Torres	mehoilleutubrei-4332@mail.com	avatar-4.jpg	+vOD3CV|	Pro	7	49.062412	2.505189
ut labore et dolore magna aliqua	Ultricies integer quis auctor elit. In est ante in nibh mauris cursus mattis molestie.	2022-01-12T15:46:06.691Z	Cologne	50.938361	6.959974	room-5.jpg	room-2-photo1.jpg;room-2-photo2.jpg;room-3-photo1.jpg;room-3-photo2.jpg;room-4-photo1.jpg;room-4-photo2.jpg;room-5-photo1.jpg;room-5-photo2.jpg	false	false	3.1	House	2	2	7061	Fridge	Ray	Anderson	mijippoddekoi-8627@mail.com	avatar-6.jpg	0:UBjqVw	Default	0	49.763818	8.056011
ut labore et dolore magna aliqua	Egestas maecenas pharetra convallis posuere morbi. Aliquet bibendum enim facilisis gravida neque convallis a.	2022-01-10T15:46:06.691Z	Paris	48.85661	2.351499	room-4.jpg	room-5-photo1.jpg;room-5-photo2.jpg;room-6-photo1.jpg;room-6-photo2.jpg;room-7-photo1.jpg;room-7-photo2.jpg;room-8-photo1.jpg;room-8-photo2.jpg	false	true	1.1	House	3	10	46914	Laptop friendly workspace;Baby seat;Washer;Towels;Fridge	Daniel	Kelly	mijippoddekoi-8627@mail.com	avatar-2.jpg	0:UBjqVw	Default	2	50.729885	3.40799
sed do eiusmod tempor incididunt	Ultricies integer quis auctor elit. In est ante in nibh mauris cursus mattis molestie.	2022-04-06T15:46:06.691Z	Cologne	50.938361	6.959974	room-5.jpg	room-4-photo2.jpg;room-5-photo1.jpg;room-5-photo2.jpg;room-6-photo1.jpg;room-6-photo2.jpg;room-7-photo1.jpg;room-7-photo2.jpg;room-8-photo1.jpg;room-8-photo2.jpg	true	false	3.8	Room	6	9	17160	Breakfast;Air conditioning;Laptop friendly workspace	Vanessa	Miller	mehoilleutubrei-4332@mail.com	avatar-5.jpg	+vOD3CV|	Pro	9	48.779833	5.443782
ut enim ad minim veniam	Odio pellentesque diam volutpat commodo sed egestas egestas fringilla phasellus. Feugiat vivamus at augue eget arcu dictum varius duis.	2022-07-11T15:46:06.691Z	Cologne	50.938361	6.959974	room-4.jpg	room-3-photo1.jpg;room-3-photo2.jpg;room-4-photo1.jpg;room-4-photo2.jpg;room-5-photo1.jpg;room-5-photo2.jpg;room-6-photo1.jpg;room-6-photo2.jpg;room-7-photo1.jpg;room-7-photo2.jpg;room-8-photo1.jpg;room-8-photo2.jpg	false	false	1.1	Hotel	5	4	37058	Baby seat;Washer;Towels;Fridge	Vanessa	Miller	mijippoddekoi-8627@mail.com	avatar-7.jpg	+vOD3CV|	Pro	5	48.997872	3.102825
duis aute irure dolor in reprehenderit	Ut consequat semper viverra nam libero justo. Ac tincidunt vitae semper quis lectus nulla at.	2022-07-10T15:46:06.691Z	Cologne	50.938361	6.959974	room-3.jpg	room-5-photo1.jpg;room-5-photo2.jpg;room-6-photo1.jpg;room-6-photo2.jpg;room-7-photo1.jpg;room-7-photo2.jpg;room-8-photo1.jpg;room-8-photo2.jpg	false	true	1.8	Hotel	4	7	8575	Towels;Fridge	Thomas	Dawson	gremmagropegru-7388@mail.com	avatar-2.jpg	r8C3dFj:	Pro	7	50.176098	3.201043
lorem ipsum dolor sit amet	 Lacus suspendisse faucibus interdum posuere. Ut morbi tincidunt augue interdum.	2021-10-12T15:46:06.691Z	Cologne	50.938361	6.959974	room-6.jpg	room-3-photo1.jpg;room-3-photo2.jpg;room-4-photo1.jpg;room-4-photo2.jpg;room-5-photo1.jpg;room-5-photo2.jpg;room-6-photo1.jpg;room-6-photo2.jpg;room-7-photo1.jpg;room-7-photo2.jpg;room-8-photo1.jpg;room-8-photo2.jpg	false	false	3.1	Room	3	6	42054	Washer;Towels;Fridge	Daniel	Kelly	mijippoddekoi-8627@mail.com	avatar-2.jpg	l.g!4prU	Default	3	48.450149	2.768043
sed do eiusmod tempor incididunt	Odio pellentesque diam volutpat commodo sed egestas egestas fringilla phasellus. Feugiat vivamus at augue eget arcu dictum varius duis.	2021-10-07T15:46:06.691Z	Amsterdam	52.370216	4.895168	room-4.jpg	room-6-photo2.jpg;room-7-photo1.jpg;room-7-photo2.jpg;room-8-photo1.jpg;room-8-photo2.jpg	false	false	2.7	Room	3	1	87418	Baby seat;Washer;Towels	Christopher	Torres	quaucroibreweibroi-2398@mail.com	avatar-1.jpg	me[wcZq2	Pro	7	50.121476	9.523962
quis nostrud exercitation ullamco laboris nisi 	Volutpat odio facilisis mauris sit amet massa. Purus faucibus ornare suspendisse sed nisi lacus sed viverra.	2021-12-06T15:46:06.691Z	Hamburg	53.550341	10.000654	room-4.jpg	room-5-photo1.jpg;room-5-photo2.jpg;room-6-photo1.jpg;room-6-photo2.jpg;room-7-photo1.jpg;room-7-photo2.jpg;room-8-photo1.jpg;room-8-photo2.jpg	true	false	1.7	House	4	5	54462	Washer;Towels;Fridge	Christopher	Torres	mehoilleutubrei-4332@mail.com	avatar-7.jpg	Hjxl#W7H	Default	9	50.545215	8.95076
ut enim ad minim veniam	 Lacus suspendisse faucibus interdum posuere. Ut morbi tincidunt augue interdum.	2021-10-08T15:46:06.691Z	Cologne	50.938361	6.959974	room-3.jpg	room-8-photo1.jpg;room-8-photo2.jpg	true	false	2	Room	2	9	99088	Laptop friendly workspace;Baby seat	Brandon	Freeman	hifoprobreva-4771@mail.com	avatar-2.jpg	Hjxl#W7H	Default	0	48.276675	3.47721
quis nostrud exercitation ullamco laboris nisi 	Ultricies integer quis auctor elit. In est ante in nibh mauris cursus mattis molestie.	2022-04-06T15:46:06.691Z	Dusseldorf	51.225402	6.776314	room-7.jpg	room-6-photo1.jpg;room-6-photo2.jpg;room-7-photo1.jpg;room-7-photo2.jpg;room-8-photo1.jpg;room-8-photo2.jpg	true	true	1.4	Room	6	4	56446	Baby seat;Washer;Towels;Fridge	Christopher	Torres	mehoilleutubrei-4332@mail.com	avatar-7.jpg	0:UBjqVw	Default	4	49.350329	2.03811
consectetur adipiscing elit	Ultricies integer quis auctor elit. In est ante in nibh mauris cursus mattis molestie.	2022-02-10T15:46:06.691Z	Cologne	50.938361	6.959974	room-8.jpg	room-3-photo1.jpg;room-3-photo2.jpg;room-4-photo1.jpg;room-4-photo2.jpg;room-5-photo1.jpg;room-5-photo2.jpg;room-6-photo1.jpg;room-6-photo2.jpg;room-7-photo1.jpg;room-7-photo2.jpg;room-8-photo1.jpg;room-8-photo2.jpg	false	false	3.8	House	3	1	10977	Baby seat;Washer;Towels;Fridge	Mark	Davis	sasoxefrauteu-3265@mail.com	avatar-6.jpg	L}eeU5Ky	Pro	2	48.163105	8.435729
ut enim ad minim veniam	 Lacus suspendisse faucibus interdum posuere. Ut morbi tincidunt augue interdum.	2021-11-09T15:46:06.691Z	Paris	48.85661	2.351499	room-4.jpg	room-3-photo2.jpg;room-4-photo1.jpg;room-4-photo2.jpg;room-5-photo1.jpg;room-5-photo2.jpg;room-6-photo1.jpg	true	false	1.4	House	7	8	65031	Air conditioning;Laptop friendly workspace;Baby seat;Washer;Towels;Fridge	Mark	Davis	gremmagropegru-7388@mail.com	avatar-7.jpg	Hjxl#W7H	Default	0	49.454174	3.168637
duis aute irure dolor in reprehenderit	Egestas maecenas pharetra convallis posuere morbi. Aliquet bibendum enim facilisis gravida neque convallis a.	2022-05-11T15:46:06.691Z	Cologne	50.938361	6.959974	room-4.jpg	room-7-photo2.jpg;room-8-photo1.jpg;room-8-photo2.jpg	true	true	3.5	Apartment	3	9	16406	Baby seat;Washer;Towels	Vanessa	Miller	quaucroibreweibroi-2398@mail.com	avatar-4.jpg	AOy?Tb3>	Pro	3	49.546982	7.793731
quis nostrud exercitation ullamco laboris nisi 	Ut consequat semper viverra nam libero justo. Ac tincidunt vitae semper quis lectus nulla at.	2022-01-10T15:46:06.691Z	Amsterdam	52.370216	4.895168	room-3.jpg	room-2-photo1.jpg;room-2-photo2.jpg;room-3-photo1.jpg;room-3-photo2.jpg;room-4-photo1.jpg;room-4-photo2.jpg;room-5-photo1.jpg;room-5-photo2.jpg;room-6-photo1.jpg	true	false	1.9	Hotel	4	6	88677	Laptop friendly workspace;Baby seat;Washer	Christopher	Torres	mehoilleutubrei-4332@mail.com	avatar-7.jpg	me[wcZq2	Default	5	49.724989	7.362955
duis aute irure dolor in reprehenderit	Ultricies integer quis auctor elit. In est ante in nibh mauris cursus mattis molestie.	2021-10-09T15:46:06.692Z	Amsterdam	52.370216	4.895168	room-6.jpg	room-4-photo1.jpg;room-4-photo2.jpg;room-5-photo1.jpg;room-5-photo2.jpg;room-6-photo1.jpg;room-6-photo2.jpg;room-7-photo1.jpg	true	true	1.4	Apartment	1	5	20157	Breakfast;Air conditioning;Laptop friendly workspace	Mark	Davis	zeuhummewoima-7270@mail.com	avatar-6.jpg	0:UBjqVw	Default	7	50.329881	7.200472
quis nostrud exercitation ullamco laboris nisi 	Quisque non tellus orci ac. Euismod in pellentesque massa placerat. In massa tempor nec feugiat nisl.	2022-01-10T15:46:06.692Z	Cologne	50.938361	6.959974	room-4.jpg	room-3-photo1.jpg;room-3-photo2.jpg;room-4-photo1.jpg;room-4-photo2.jpg;room-5-photo1.jpg;room-5-photo2.jpg;room-6-photo1.jpg;room-6-photo2.jpg;room-7-photo1.jpg;room-7-photo2.jpg;room-8-photo1.jpg;room-8-photo2.jpg	false	true	1.8	Hotel	4	10	97797	Air conditioning;Laptop friendly workspace;Baby seat;Washer;Towels	Vanessa	Miller	craddagrizouxu-6960@mail.com	avatar-8.jpg	0:UBjqVw	Pro	6	49.850462	5.792918
ut enim ad minim veniam	 Lacus suspendisse faucibus interdum posuere. Ut morbi tincidunt augue interdum.	2021-09-09T15:46:06.692Z	Brussels	50.846557	4.351697	room-7.jpg	room-4-photo2.jpg;room-5-photo1.jpg;room-5-photo2.jpg;room-6-photo1.jpg;room-6-photo2.jpg;room-7-photo1.jpg;room-7-photo2.jpg;room-8-photo1.jpg;room-8-photo2.jpg	true	true	1.2	Hotel	6	4	30148	Towels;Fridge	Thomas	Dawson	gremmagropegru-7388@mail.com	avatar-2.jpg	Hjxl#W7H	Default	3	48.829653	9.732248
ut enim ad minim veniam	 Lacus suspendisse faucibus interdum posuere. Ut morbi tincidunt augue interdum.	2022-05-11T15:46:06.692Z	Brussels	50.846557	4.351697	room-6.jpg	room-6-photo2.jpg;room-7-photo1.jpg;room-7-photo2.jpg;room-8-photo1.jpg;room-8-photo2.jpg	true	false	3.7	House	3	8	74404	Towels;Fridge	Ray	Anderson	quaucroibreweibroi-2398@mail.com	avatar-5.jpg	me[wcZq2	Default	3	49.739179	2.647926
ut enim ad minim veniam	Volutpat odio facilisis mauris sit amet massa. Purus faucibus ornare suspendisse sed nisi lacus sed viverra.	2022-06-07T15:46:06.692Z	Cologne	50.938361	6.959974	room-6.jpg	room-5-photo2.jpg;room-6-photo1.jpg;room-6-photo2.jpg;room-7-photo1.jpg;room-7-photo2.jpg;room-8-photo1.jpg;room-8-photo2.jpg	false	false	2.9	House	2	3	93966	Laptop friendly workspace;Baby seat;Washer	Christopher	Torres	craddagrizouxu-6960@mail.com	avatar-7.jpg	L}eeU5Ky	Pro	3	49.402346	7.955585
quis nostrud exercitation ullamco laboris nisi 	 Lacus suspendisse faucibus interdum posuere. Ut morbi tincidunt augue interdum.	2022-02-06T15:46:06.692Z	Hamburg	53.550341	10.000654	room-4.jpg	room-3-photo2.jpg;room-4-photo1.jpg;room-4-photo2.jpg;room-5-photo1.jpg;room-5-photo2.jpg;room-6-photo1.jpg;room-6-photo2.jpg;room-7-photo1.jpg	false	true	1.9	Room	7	10	54292	Laptop friendly workspace;Baby seat;Washer;Towels	Ray	Anderson	zeuhummewoima-7270@mail.com	avatar-4.jpg	0:UBjqVw	Default	6	49.834568	7.894087
sed do eiusmod tempor incididunt	Volutpat odio facilisis mauris sit amet massa. Purus faucibus ornare suspendisse sed nisi lacus sed viverra.	2022-03-08T15:46:06.692Z	Dusseldorf	51.225402	6.776314	room-8.jpg	room-2-photo1.jpg;room-2-photo2.jpg;room-3-photo1.jpg;room-3-photo2.jpg;room-4-photo1.jpg;room-4-photo2.jpg;room-5-photo1.jpg;room-5-photo2.jpg;room-6-photo1.jpg;room-6-photo2.jpg;room-7-photo1.jpg;room-7-photo2.jpg;room-8-photo1.jpg;room-8-photo2.jpg	false	false	2.2	Apartment	7	2	69387	Breakfast;Air conditioning	Ray	Anderson	gremmagropegru-7388@mail.com	avatar-7.jpg	r8C3dFj:	Default	7	50.967415	8.906989
consectetur adipiscing elit	Odio pellentesque diam volutpat commodo sed egestas egestas fringilla phasellus. Feugiat vivamus at augue eget arcu dictum varius duis.	2021-11-07T15:46:06.692Z	Paris	48.85661	2.351499	room-7.jpg	room-7-photo2.jpg;room-8-photo1.jpg;room-8-photo2.jpg	true	false	2.2	Hotel	7	4	82299	Towels;Fridge	Ray	Anderson	gremmagropegru-7388@mail.com	avatar-4.jpg	r8C3dFj:	Default	6	48.666169	8.174057
duis aute irure dolor in reprehenderit	Ultricies integer quis auctor elit. In est ante in nibh mauris cursus mattis molestie.	2021-11-11T15:46:06.692Z	Dusseldorf	51.225402	6.776314	room-5.jpg	room-4-photo2.jpg;room-5-photo1.jpg;room-5-photo2.jpg;room-6-photo1.jpg;room-6-photo2.jpg;room-7-photo1.jpg;room-7-photo2.jpg;room-8-photo1.jpg;room-8-photo2.jpg	false	true	3.5	Room	2	2	58844	Towels;Fridge	Vanessa	Miller	zeuhummewoima-7270@mail.com	avatar-1.jpg	0:UBjqVw	Default	1	49.741638	7.868094
ut enim ad minim veniam	Volutpat odio facilisis mauris sit amet massa. Purus faucibus ornare suspendisse sed nisi lacus sed viverra.	2021-12-08T15:46:06.692Z	Cologne	50.938361	6.959974	room-8.jpg	room-7-photo2.jpg;room-8-photo1.jpg;room-8-photo2.jpg	false	false	2.6	Room	4	8	20991	Washer;Towels;Fridge	Ray	Anderson	gremmagropegru-7388@mail.com	avatar-5.jpg	L}eeU5Ky	Pro	5	48.658086	9.615157
lorem ipsum dolor sit amet	Odio pellentesque diam volutpat commodo sed egestas egestas fringilla phasellus. Feugiat vivamus at augue eget arcu dictum varius duis.	2022-06-10T15:46:06.692Z	Amsterdam	52.370216	4.895168	room-7.jpg	room-7-photo2.jpg;room-8-photo1.jpg;room-8-photo2.jpg	false	false	1.6	Room	4	9	37370	Towels;Fridge	Mark	Davis	gremmagropegru-7388@mail.com	avatar-4.jpg	L}eeU5Ky	Pro	7	49.797797	2.949493
ut enim ad minim veniam	Volutpat odio facilisis mauris sit amet massa. Purus faucibus ornare suspendisse sed nisi lacus sed viverra.	2022-03-08T15:46:06.692Z	Amsterdam	52.370216	4.895168	room-7.jpg	room-5-photo1.jpg;room-5-photo2.jpg;room-6-photo1.jpg;room-6-photo2.jpg;room-7-photo1.jpg;room-7-photo2.jpg;room-8-photo1.jpg;room-8-photo2.jpg	false	true	2.2	Hotel	6	8	8874	Baby seat;Washer;Towels;Fridge	Christopher	Torres	zeuhummewoima-7270@mail.com	avatar-6.jpg	AOy?Tb3>	Pro	6	50.431554	6.005113
ut enim ad minim veniam	Ut consequat semper viverra nam libero justo. Ac tincidunt vitae semper quis lectus nulla at.	2022-02-06T15:46:06.692Z	Brussels	50.846557	4.351697	room-3.jpg	room-3-photo1.jpg;room-3-photo2.jpg;room-4-photo1.jpg;room-4-photo2.jpg;room-5-photo1.jpg;room-5-photo2.jpg;room-6-photo1.jpg;room-6-photo2.jpg;room-7-photo1.jpg;room-7-photo2.jpg;room-8-photo1.jpg	false	false	2.6	Room	5	5	17549	Breakfast;Air conditioning;Laptop friendly workspace;Baby seat	Brandon	Freeman	sasoxefrauteu-3265@mail.com	avatar-7.jpg	Hjxl#W7H	Pro	4	49.298639	5.920886
quis nostrud exercitation ullamco laboris nisi 	Quisque non tellus orci ac. Euismod in pellentesque massa placerat. In massa tempor nec feugiat nisl.	2021-10-06T15:46:06.692Z	Amsterdam	52.370216	4.895168	room-4.jpg	room-4-photo2.jpg;room-5-photo1.jpg;room-5-photo2.jpg;room-6-photo1.jpg;room-6-photo2.jpg;room-7-photo1.jpg;room-7-photo2.jpg;room-8-photo1.jpg;room-8-photo2.jpg	true	true	3.2	Apartment	4	1	14956	Laptop friendly workspace;Baby seat;Washer;Towels	Brandon	Freeman	quaucroibreweibroi-2398@mail.com	avatar-3.jpg	r8C3dFj:	Default	4	50.346313	8.868143
ut labore et dolore magna aliqua	Neque viverra justo nec ultrices dui sapien eget. Sit amet risus nullam eget felis eget nunc lobortis.	2022-05-11T15:46:06.692Z	Brussels	50.846557	4.351697	room-4.jpg	room-6-photo1.jpg;room-6-photo2.jpg;room-7-photo1.jpg;room-7-photo2.jpg;room-8-photo1.jpg;room-8-photo2.jpg	false	false	3.3	Room	2	4	38402	Fridge	Ray	Anderson	hifoprobreva-4771@mail.com	avatar-7.jpg	me[wcZq2	Default	4	49.506668	2.133918
duis aute irure dolor in reprehenderit	 Lacus suspendisse faucibus interdum posuere. Ut morbi tincidunt augue interdum.	2021-11-06T15:46:06.692Z	Amsterdam	52.370216	4.895168	room-4.jpg	room-2-photo2.jpg;room-3-photo1.jpg;room-3-photo2.jpg;room-4-photo1.jpg;room-4-photo2.jpg;room-5-photo1.jpg;room-5-photo2.jpg;room-6-photo1.jpg;room-6-photo2.jpg;room-7-photo1.jpg;room-7-photo2.jpg;room-8-photo1.jpg;room-8-photo2.jpg	false	false	1.4	Apartment	3	8	71591	Washer;Towels;Fridge	Daniel	Kelly	craddagrizouxu-6960@mail.com	avatar-4.jpg	l.g!4prU	Pro	3	48.743853	3.404404
lorem ipsum dolor sit amet	Quisque non tellus orci ac. Euismod in pellentesque massa placerat. In massa tempor nec feugiat nisl.	2022-04-07T15:46:06.692Z	Cologne	50.938361	6.959974	room-3.jpg	room-2-photo2.jpg;room-3-photo1.jpg;room-3-photo2.jpg;room-4-photo1.jpg;room-4-photo2.jpg	true	true	2.6	Hotel	2	3	1656	Towels;Fridge	Mark	Davis	mijippoddekoi-8627@mail.com	avatar-5.jpg	0:UBjqVw	Default	6	49.222483	6.933947
quis nostrud exercitation ullamco laboris nisi 	Volutpat odio facilisis mauris sit amet massa. Purus faucibus ornare suspendisse sed nisi lacus sed viverra.	2022-06-11T15:46:06.692Z	Amsterdam	52.370216	4.895168	room-3.jpg	room-1-photo1.jpg;room-1-photo2.jpg;room-2-photo1.jpg;room-2-photo2.jpg;room-3-photo1.jpg;room-3-photo2.jpg;room-4-photo1.jpg;room-4-photo2.jpg;room-5-photo1.jpg;room-5-photo2.jpg;room-6-photo1.jpg	true	true	2.9	House	4	5	37860	Washer;Towels;Fridge	Brandon	Freeman	mijippoddekoi-8627@mail.com	avatar-5.jpg	me[wcZq2	Default	4	50.858736	8.864605
duis aute irure dolor in reprehenderit	Ut consequat semper viverra nam libero justo. Ac tincidunt vitae semper quis lectus nulla at.	2022-05-07T15:46:06.692Z	Hamburg	53.550341	10.000654	room-4.jpg	room-7-photo2.jpg;room-8-photo1.jpg;room-8-photo2.jpg	true	false	3.4	Room	2	7	74379	Washer;Towels;Fridge	Brandon	Freeman	mehoilleutubrei-4332@mail.com	avatar-7.jpg	0:UBjqVw	Pro	10	48.724432	3.996282
quis nostrud exercitation ullamco laboris nisi 	Ultricies integer quis auctor elit. In est ante in nibh mauris cursus mattis molestie.	2022-05-12T15:46:06.692Z	Dusseldorf	51.225402	6.776314	room-1.jpg	room-4-photo2.jpg;room-5-photo1.jpg;room-5-photo2.jpg;room-6-photo1.jpg;room-6-photo2.jpg;room-7-photo1.jpg;room-7-photo2.jpg	false	true	1.2	Apartment	7	3	9635	Baby seat;Washer;Towels;Fridge	Mark	Davis	gremmagropegru-7388@mail.com	avatar-6.jpg	r8C3dFj:	Default	1	49.688978	8.316673
ut enim ad minim veniam	Odio pellentesque diam volutpat commodo sed egestas egestas fringilla phasellus. Feugiat vivamus at augue eget arcu dictum varius duis.	2022-02-11T15:46:06.692Z	Paris	48.85661	2.351499	room-4.jpg	room-4-photo1.jpg;room-4-photo2.jpg;room-5-photo1.jpg;room-5-photo2.jpg;room-6-photo1.jpg;room-6-photo2.jpg;room-7-photo1.jpg;room-7-photo2.jpg	true	false	1.4	Room	3	8	41135	Fridge	Daniel	Kelly	mijippoddekoi-8627@mail.com	avatar-6.jpg	L}eeU5Ky	Default	1	49.425257	7.348314
lorem ipsum dolor sit amet	Ut consequat semper viverra nam libero justo. Ac tincidunt vitae semper quis lectus nulla at.	2021-09-09T15:46:06.692Z	Paris	48.85661	2.351499	room-8.jpg	room-7-photo1.jpg;room-7-photo2.jpg;room-8-photo1.jpg;room-8-photo2.jpg	true	true	1.4	Room	8	9	18245	Laptop friendly workspace;Baby seat;Washer;Towels	Vanessa	Miller	zeuhummewoima-7270@mail.com	avatar-6.jpg	0:UBjqVw	Pro	6	49.197446	6.095233
ut labore et dolore magna aliqua	Ut consequat semper viverra nam libero justo. Ac tincidunt vitae semper quis lectus nulla at.	2021-12-06T15:46:06.692Z	Cologne	50.938361	6.959974	room-7.jpg	room-2-photo1.jpg;room-2-photo2.jpg;room-3-photo1.jpg;room-3-photo2.jpg;room-4-photo1.jpg;room-4-photo2.jpg;room-5-photo1.jpg;room-5-photo2.jpg;room-6-photo1.jpg;room-6-photo2.jpg;room-7-photo1.jpg	true	false	1	Apartment	1	9	93262	Laptop friendly workspace;Baby seat;Washer	Vanessa	Miller	quaucroibreweibroi-2398@mail.com	avatar-5.jpg	me[wcZq2	Pro	0	48.723426	7.212742
excepteur sint occaecat cupidatat non proident	Neque viverra justo nec ultrices dui sapien eget. Sit amet risus nullam eget felis eget nunc lobortis.	2022-01-12T15:46:06.692Z	Paris	48.85661	2.351499	room-5.jpg	room-5-photo1.jpg;room-5-photo2.jpg;room-6-photo1.jpg;room-6-photo2.jpg;room-7-photo1.jpg;room-7-photo2.jpg;room-8-photo1.jpg;room-8-photo2.jpg	false	true	2.8	Room	2	1	17981	Fridge	Ray	Anderson	sasoxefrauteu-3265@mail.com	avatar-6.jpg	0:UBjqVw	Pro	4	49.139044	4.265935
ut enim ad minim veniam	Odio pellentesque diam volutpat commodo sed egestas egestas fringilla phasellus. Feugiat vivamus at augue eget arcu dictum varius duis.	2022-06-12T15:46:06.693Z	Brussels	50.846557	4.351697	room-2.jpg	room-1-photo2.jpg;room-2-photo1.jpg;room-2-photo2.jpg;room-3-photo1.jpg	false	false	2.3	Hotel	5	10	17812	Fridge	Thomas	Dawson	craddagrizouxu-6960@mail.com	avatar-7.jpg	r8C3dFj:	Default	5	50.04765	9.421283
duis aute irure dolor in reprehenderit	Quisque non tellus orci ac. Euismod in pellentesque massa placerat. In massa tempor nec feugiat nisl.	2021-10-07T15:46:06.693Z	Brussels	50.846557	4.351697	room-4.jpg	room-2-photo1.jpg;room-2-photo2.jpg;room-3-photo1.jpg;room-3-photo2.jpg;room-4-photo1.jpg;room-4-photo2.jpg	false	false	2.4	Apartment	2	8	17577	Towels;Fridge	Vanessa	Miller	zeuhummewoima-7270@mail.com	avatar-5.jpg	L}eeU5Ky	Pro	2	49.710906	3.177892
consectetur adipiscing elit	Egestas maecenas pharetra convallis posuere morbi. Aliquet bibendum enim facilisis gravida neque convallis a.	2022-05-07T15:46:06.693Z	Amsterdam	52.370216	4.895168	room-3.jpg	room-5-photo2.jpg;room-6-photo1.jpg;room-6-photo2.jpg;room-7-photo1.jpg;room-7-photo2.jpg;room-8-photo1.jpg;room-8-photo2.jpg	false	false	2.4	Room	4	9	80497	Washer;Towels;Fridge	Daniel	Kelly	zeuhummewoima-7270@mail.com	avatar-4.jpg	0:UBjqVw	Pro	2	49.178892	4.340229
excepteur sint occaecat cupidatat non proident	 Lacus suspendisse faucibus interdum posuere. Ut morbi tincidunt augue interdum.	2022-01-08T15:46:06.693Z	Amsterdam	52.370216	4.895168	room-3.jpg	room-4-photo2.jpg;room-5-photo1.jpg;room-5-photo2.jpg;room-6-photo1.jpg;room-6-photo2.jpg;room-7-photo1.jpg;room-7-photo2.jpg;room-8-photo1.jpg;room-8-photo2.jpg	true	false	3	Apartment	2	1	89858	Air conditioning;Laptop friendly workspace;Baby seat;Washer;Towels;Fridge	Thomas	Dawson	hifoprobreva-4771@mail.com	avatar-1.jpg	Hjxl#W7H	Default	6	49.683721	5.251465
lorem ipsum dolor sit amet	Odio pellentesque diam volutpat commodo sed egestas egestas fringilla phasellus. Feugiat vivamus at augue eget arcu dictum varius duis.	2022-04-09T15:46:06.693Z	Hamburg	53.550341	10.000654	room-2.jpg	room-2-photo2.jpg;room-3-photo1.jpg;room-3-photo2.jpg;room-4-photo1.jpg;room-4-photo2.jpg;room-5-photo1.jpg;room-5-photo2.jpg	true	true	1.8	Hotel	5	2	70778	Towels;Fridge	Thomas	Dawson	sasoxefrauteu-3265@mail.com	avatar-6.jpg	0:UBjqVw	Pro	7	50.276025	5.67956
sed do eiusmod tempor incididunt	 Lacus suspendisse faucibus interdum posuere. Ut morbi tincidunt augue interdum.	2021-10-07T15:46:06.693Z	Brussels	50.846557	4.351697	room-3.jpg	room-5-photo2.jpg;room-6-photo1.jpg;room-6-photo2.jpg;room-7-photo1.jpg;room-7-photo2.jpg;room-8-photo1.jpg;room-8-photo2.jpg	true	true	3	Hotel	6	4	54845	Baby seat;Washer;Towels;Fridge	Ray	Anderson	mijippoddekoi-8627@mail.com	avatar-2.jpg	me[wcZq2	Default	2	50.581409	4.048372
quis nostrud exercitation ullamco laboris nisi 	 Lacus suspendisse faucibus interdum posuere. Ut morbi tincidunt augue interdum.	2022-01-08T15:46:06.693Z	Brussels	50.846557	4.351697	room-8.jpg	room-3-photo2.jpg;room-4-photo1.jpg;room-4-photo2.jpg;room-5-photo1.jpg;room-5-photo2.jpg;room-6-photo1.jpg;room-6-photo2.jpg;room-7-photo1.jpg;room-7-photo2.jpg;room-8-photo1.jpg;room-8-photo2.jpg	false	false	3.9	House	8	3	45870	Breakfast;Air conditioning;Laptop friendly workspace;Baby seat;Washer	Vanessa	Miller	quaucroibreweibroi-2398@mail.com	avatar-8.jpg	r8C3dFj:	Default	8	48.425838	3.221276
sed do eiusmod tempor incididunt	Ut consequat semper viverra nam libero justo. Ac tincidunt vitae semper quis lectus nulla at.	2021-09-10T15:46:06.693Z	Cologne	50.938361	6.959974	room-4.jpg	room-7-photo1.jpg;room-7-photo2.jpg;room-8-photo1.jpg;room-8-photo2.jpg	false	true	1.1	Room	2	8	42546	Air conditioning;Laptop friendly workspace;Baby seat;Washer;Towels;Fridge	Brandon	Freeman	gremmagropegru-7388@mail.com	avatar-1.jpg	0:UBjqVw	Pro	7	49.042878	9.320248
consectetur adipiscing elit	Volutpat odio facilisis mauris sit amet massa. Purus faucibus ornare suspendisse sed nisi lacus sed viverra.	2021-10-08T15:46:06.693Z	Dusseldorf	51.225402	6.776314	room-8.jpg	room-6-photo1.jpg;room-6-photo2.jpg;room-7-photo1.jpg;room-7-photo2.jpg;room-8-photo1.jpg;room-8-photo2.jpg	false	true	3.7	Apartment	7	5	4279	Breakfast;Air conditioning;Laptop friendly workspace;Baby seat;Washer;Towels	Christopher	Torres	mehoilleutubrei-4332@mail.com	avatar-4.jpg	Hjxl#W7H	Pro	10	48.713722	8.295883
quis nostrud exercitation ullamco laboris nisi 	Volutpat odio facilisis mauris sit amet massa. Purus faucibus ornare suspendisse sed nisi lacus sed viverra.	2022-07-07T15:46:06.693Z	Brussels	50.846557	4.351697	room-2.jpg	room-2-photo1.jpg;room-2-photo2.jpg;room-3-photo1.jpg;room-3-photo2.jpg;room-4-photo1.jpg;room-4-photo2.jpg;room-5-photo1.jpg;room-5-photo2.jpg;room-6-photo1.jpg;room-6-photo2.jpg;room-7-photo1.jpg	true	true	2.5	House	3	1	59263	Laptop friendly workspace;Baby seat;Washer;Towels;Fridge	Christopher	Torres	mijippoddekoi-8627@mail.com	avatar-3.jpg	AOy?Tb3>	Default	1	48.617447	5.844569
ut enim ad minim veniam	Ultricies integer quis auctor elit. In est ante in nibh mauris cursus mattis molestie.	2021-09-09T15:46:06.693Z	Paris	48.85661	2.351499	room-5.jpg	room-1-photo2.jpg;room-2-photo1.jpg;room-2-photo2.jpg;room-3-photo1.jpg;room-3-photo2.jpg;room-4-photo1.jpg;room-4-photo2.jpg;room-5-photo1.jpg;room-5-photo2.jpg;room-6-photo1.jpg;room-6-photo2.jpg	false	false	1.3	House	5	10	87573	Baby seat;Washer;Towels;Fridge	Thomas	Dawson	zeuhummewoima-7270@mail.com	avatar-6.jpg	r8C3dFj:	Pro	6	48.918954	2.65776
sed do eiusmod tempor incididunt	Volutpat odio facilisis mauris sit amet massa. Purus faucibus ornare suspendisse sed nisi lacus sed viverra.	2022-03-07T15:46:06.693Z	Amsterdam	52.370216	4.895168	room-8.jpg	room-6-photo1.jpg;room-6-photo2.jpg;room-7-photo1.jpg;room-7-photo2.jpg;room-8-photo1.jpg;room-8-photo2.jpg	true	true	1.7	Room	4	10	73039	Breakfast;Air conditioning;Laptop friendly workspace;Baby seat	Ray	Anderson	quaucroibreweibroi-2398@mail.com	avatar-5.jpg	Hjxl#W7H	Default	1	49.581637	8.944204
quis nostrud exercitation ullamco laboris nisi 	Ut consequat semper viverra nam libero justo. Ac tincidunt vitae semper quis lectus nulla at.	2022-05-11T15:46:06.693Z	Dusseldorf	51.225402	6.776314	room-2.jpg	room-8-photo1.jpg;room-8-photo2.jpg	true	false	2.3	Room	2	8	15176	Air conditioning;Laptop friendly workspace;Baby seat;Washer;Towels;Fridge	Mark	Davis	zeuhummewoima-7270@mail.com	avatar-1.jpg	0:UBjqVw	Pro	1	50.371755	7.637805
ut labore et dolore magna aliqua	Egestas maecenas pharetra convallis posuere morbi. Aliquet bibendum enim facilisis gravida neque convallis a.	2022-04-11T15:46:06.693Z	Amsterdam	52.370216	4.895168	room-6.jpg	room-7-photo1.jpg;room-7-photo2.jpg;room-8-photo1.jpg;room-8-photo2.jpg	true	false	1.1	House	6	7	89930	Washer;Towels;Fridge	Thomas	Dawson	hifoprobreva-4771@mail.com	avatar-1.jpg	r8C3dFj:	Pro	7	50.233741	8.828653
ut labore et dolore magna aliqua	Ut consequat semper viverra nam libero justo. Ac tincidunt vitae semper quis lectus nulla at.	2022-04-08T15:46:06.693Z	Hamburg	53.550341	10.000654	room-6.jpg	room-2-photo2.jpg;room-3-photo1.jpg;room-3-photo2.jpg;room-4-photo1.jpg;room-4-photo2.jpg;room-5-photo1.jpg;room-5-photo2.jpg	true	false	3.7	House	4	8	65026	Fridge	Thomas	Dawson	zeuhummewoima-7270@mail.com	avatar-2.jpg	Hjxl#W7H	Default	2	50.656459	5.836441
sed do eiusmod tempor incididunt	Quisque non tellus orci ac. Euismod in pellentesque massa placerat. In massa tempor nec feugiat nisl.	2022-07-10T15:46:06.693Z	Dusseldorf	51.225402	6.776314	room-8.jpg	room-3-photo1.jpg;room-3-photo2.jpg;room-4-photo1.jpg;room-4-photo2.jpg;room-5-photo1.jpg;room-5-photo2.jpg;room-6-photo1.jpg;room-6-photo2.jpg;room-7-photo1.jpg;room-7-photo2.jpg;room-8-photo1.jpg;room-8-photo2.jpg	true	false	1.3	Apartment	1	1	83548	Air conditioning;Laptop friendly workspace;Baby seat	Thomas	Dawson	quaucroibreweibroi-2398@mail.com	avatar-3.jpg	L}eeU5Ky	Pro	2	48.53016	2.643694
lorem ipsum dolor sit amet	Neque viverra justo nec ultrices dui sapien eget. Sit amet risus nullam eget felis eget nunc lobortis.	2022-07-08T15:46:06.693Z	Amsterdam	52.370216	4.895168	room-3.jpg	room-5-photo2.jpg;room-6-photo1.jpg;room-6-photo2.jpg;room-7-photo1.jpg;room-7-photo2.jpg;room-8-photo1.jpg;room-8-photo2.jpg	false	false	2.1	Room	1	3	94139	Baby seat;Washer;Towels;Fridge	Ray	Anderson	gremmagropegru-7388@mail.com	avatar-4.jpg	0:UBjqVw	Default	6	49.804812	5.703864
consectetur adipiscing elit	Ut consequat semper viverra nam libero justo. Ac tincidunt vitae semper quis lectus nulla at.	2022-08-09T15:46:06.693Z	Hamburg	53.550341	10.000654	room-4.jpg	room-2-photo2.jpg;room-3-photo1.jpg;room-3-photo2.jpg;room-4-photo1.jpg;room-4-photo2.jpg;room-5-photo1.jpg;room-5-photo2.jpg;room-6-photo1.jpg;room-6-photo2.jpg;room-7-photo1.jpg;room-7-photo2.jpg	false	false	3.6	House	1	10	98081	Fridge	Vanessa	Miller	mijippoddekoi-8627@mail.com	avatar-8.jpg	l.g!4prU	Default	1	48.967399	3.775495
duis aute irure dolor in reprehenderit	Neque viverra justo nec ultrices dui sapien eget. Sit amet risus nullam eget felis eget nunc lobortis.	2022-06-07T15:46:06.693Z	Hamburg	53.550341	10.000654	room-2.jpg	room-4-photo1.jpg;room-4-photo2.jpg;room-5-photo1.jpg;room-5-photo2.jpg;room-6-photo1.jpg;room-6-photo2.jpg;room-7-photo1.jpg	true	true	2	Hotel	6	9	47635	Air conditioning;Laptop friendly workspace;Baby seat;Washer	Thomas	Dawson	zeuhummewoima-7270@mail.com	avatar-6.jpg	r8C3dFj:	Default	8	48.013691	7.461384
quis nostrud exercitation ullamco laboris nisi 	Volutpat odio facilisis mauris sit amet massa. Purus faucibus ornare suspendisse sed nisi lacus sed viverra.	2022-04-07T15:46:06.693Z	Brussels	50.846557	4.351697	room-2.jpg	room-6-photo2.jpg;room-7-photo1.jpg;room-7-photo2.jpg;room-8-photo1.jpg;room-8-photo2.jpg	false	false	2	Room	6	5	17965	Baby seat;Washer;Towels	Thomas	Dawson	gremmagropegru-7388@mail.com	avatar-6.jpg	r8C3dFj:	Default	10	50.157605	7.378916
lorem ipsum dolor sit amet	Volutpat odio facilisis mauris sit amet massa. Purus faucibus ornare suspendisse sed nisi lacus sed viverra.	2022-05-08T15:46:06.693Z	Amsterdam	52.370216	4.895168	room-1.jpg	room-2-photo2.jpg;room-3-photo1.jpg;room-3-photo2.jpg;room-4-photo1.jpg;room-4-photo2.jpg;room-5-photo1.jpg;room-5-photo2.jpg;room-6-photo1.jpg;room-6-photo2.jpg;room-7-photo1.jpg;room-7-photo2.jpg;room-8-photo1.jpg	false	true	4	House	3	8	8819	Air conditioning;Laptop friendly workspace	Ray	Anderson	hifoprobreva-4771@mail.com	avatar-4.jpg	+vOD3CV|	Default	4	50.472416	4.610263
sed do eiusmod tempor incididunt	Ut consequat semper viverra nam libero justo. Ac tincidunt vitae semper quis lectus nulla at.	2021-12-07T15:46:06.693Z	Cologne	50.938361	6.959974	room-2.jpg	room-4-photo2.jpg;room-5-photo1.jpg;room-5-photo2.jpg;room-6-photo1.jpg;room-6-photo2.jpg;room-7-photo1.jpg;room-7-photo2.jpg;room-8-photo1.jpg;room-8-photo2.jpg	false	false	1.8	Room	5	4	61798	Washer;Towels;Fridge	Christopher	Torres	craddagrizouxu-6960@mail.com	avatar-5.jpg	me[wcZq2	Pro	10	48.462248	8.631943
quis nostrud exercitation ullamco laboris nisi 	Quisque non tellus orci ac. Euismod in pellentesque massa placerat. In massa tempor nec feugiat nisl.	2022-04-08T15:46:06.693Z	Dusseldorf	51.225402	6.776314	room-7.jpg	room-4-photo1.jpg;room-4-photo2.jpg;room-5-photo1.jpg;room-5-photo2.jpg;room-6-photo1.jpg;room-6-photo2.jpg;room-7-photo1.jpg;room-7-photo2.jpg;room-8-photo1.jpg;room-8-photo2.jpg	false	false	2.7	Hotel	3	7	53604	Washer;Towels;Fridge	Daniel	Kelly	sasoxefrauteu-3265@mail.com	avatar-3.jpg	0:UBjqVw	Pro	7	48.942023	2.108279
sed do eiusmod tempor incididunt	Ut consequat semper viverra nam libero justo. Ac tincidunt vitae semper quis lectus nulla at.	2022-05-12T15:46:06.694Z	Amsterdam	52.370216	4.895168	room-3.jpg	room-3-photo2.jpg;room-4-photo1.jpg;room-4-photo2.jpg;room-5-photo1.jpg;room-5-photo2.jpg;room-6-photo1.jpg	false	true	1.5	Room	7	5	94223	Baby seat;Washer;Towels;Fridge	Ray	Anderson	craddagrizouxu-6960@mail.com	avatar-2.jpg	L}eeU5Ky	Default	5	50.104914	2.970929
sed do eiusmod tempor incididunt	Ultricies integer quis auctor elit. In est ante in nibh mauris cursus mattis molestie.	2021-11-07T15:46:06.694Z	Paris	48.85661	2.351499	room-7.jpg	room-2-photo1.jpg;room-2-photo2.jpg;room-3-photo1.jpg;room-3-photo2.jpg;room-4-photo1.jpg;room-4-photo2.jpg;room-5-photo1.jpg	false	true	3.7	Room	5	6	17101	Washer;Towels;Fridge	Daniel	Kelly	quaucroibreweibroi-2398@mail.com	avatar-7.jpg	L}eeU5Ky	Default	3	49.086007	6.730451
duis aute irure dolor in reprehenderit	Odio pellentesque diam volutpat commodo sed egestas egestas fringilla phasellus. Feugiat vivamus at augue eget arcu dictum varius duis.	2021-11-09T15:46:06.694Z	Brussels	50.846557	4.351697	room-6.jpg	room-2-photo1.jpg;room-2-photo2.jpg;room-3-photo1.jpg;room-3-photo2.jpg;room-4-photo1.jpg;room-4-photo2.jpg;room-5-photo1.jpg;room-5-photo2.jpg;room-6-photo1.jpg;room-6-photo2.jpg;room-7-photo1.jpg;room-7-photo2.jpg;room-8-photo1.jpg	false	false	2	Hotel	6	5	992	Washer;Towels;Fridge	Brandon	Freeman	zeuhummewoima-7270@mail.com	avatar-3.jpg	me[wcZq2	Default	10	48.522794	7.455199
ut labore et dolore magna aliqua	Odio pellentesque diam volutpat commodo sed egestas egestas fringilla phasellus. Feugiat vivamus at augue eget arcu dictum varius duis.	2022-05-11T15:46:06.694Z	Cologne	50.938361	6.959974	room-4.jpg	room-7-photo2.jpg;room-8-photo1.jpg;room-8-photo2.jpg	false	true	3.5	Hotel	3	8	14251	Air conditioning;Laptop friendly workspace;Baby seat;Washer;Towels;Fridge	Mark	Davis	mehoilleutubrei-4332@mail.com	avatar-1.jpg	me[wcZq2	Default	6	48.856282	2.010726
consectetur adipiscing elit	 Lacus suspendisse faucibus interdum posuere. Ut morbi tincidunt augue interdum.	2022-06-12T15:46:06.695Z	Amsterdam	52.370216	4.895168	room-2.jpg	room-5-photo1.jpg;room-5-photo2.jpg;room-6-photo1.jpg;room-6-photo2.jpg;room-7-photo1.jpg;room-7-photo2.jpg;room-8-photo1.jpg;room-8-photo2.jpg	true	false	1.7	Room	5	3	51293	Towels;Fridge	Ray	Anderson	quaucroibreweibroi-2398@mail.com	avatar-4.jpg	AOy?Tb3>	Pro	4	50.659411	5.527778
quis nostrud exercitation ullamco laboris nisi 	Ultricies integer quis auctor elit. In est ante in nibh mauris cursus mattis molestie.	2022-08-11T15:46:06.695Z	Dusseldorf	51.225402	6.776314	room-5.jpg	room-6-photo2.jpg;room-7-photo1.jpg;room-7-photo2.jpg;room-8-photo1.jpg;room-8-photo2.jpg	true	false	1.6	Room	4	2	11620	Laptop friendly workspace;Baby seat;Washer;Towels;Fridge	Vanessa	Miller	zeuhummewoima-7270@mail.com	avatar-1.jpg	Hjxl#W7H	Pro	5	48.960274	3.661557
sed do eiusmod tempor incididunt	Ut consequat semper viverra nam libero justo. Ac tincidunt vitae semper quis lectus nulla at.	2022-06-10T15:46:06.695Z	Hamburg	53.550341	10.000654	room-5.jpg	room-3-photo2.jpg;room-4-photo1.jpg;room-4-photo2.jpg;room-5-photo1.jpg;room-5-photo2.jpg;room-6-photo1.jpg	true	false	3.1	Room	7	1	99760	Laptop friendly workspace;Baby seat;Washer;Towels;Fridge	Ray	Anderson	sasoxefrauteu-3265@mail.com	avatar-6.jpg	AOy?Tb3>	Pro	2	48.951532	8.349157
lorem ipsum dolor sit amet	Ut consequat semper viverra nam libero justo. Ac tincidunt vitae semper quis lectus nulla at.	2021-09-08T15:46:06.695Z	Cologne	50.938361	6.959974	room-8.jpg	room-3-photo1.jpg;room-3-photo2.jpg;room-4-photo1.jpg;room-4-photo2.jpg	true	true	3.6	House	3	10	61858	Laptop friendly workspace;Baby seat;Washer;Towels;Fridge	Ray	Anderson	gremmagropegru-7388@mail.com	avatar-5.jpg	me[wcZq2	Pro	2	50.538822	3.969694
duis aute irure dolor in reprehenderit	Ultricies integer quis auctor elit. In est ante in nibh mauris cursus mattis molestie.	2022-03-10T15:46:06.695Z	Brussels	50.846557	4.351697	room-6.jpg	room-5-photo2.jpg;room-6-photo1.jpg;room-6-photo2.jpg;room-7-photo1.jpg;room-7-photo2.jpg;room-8-photo1.jpg;room-8-photo2.jpg	false	false	3.7	House	6	2	86405	Laptop friendly workspace;Baby seat;Washer	Daniel	Kelly	quaucroibreweibroi-2398@mail.com	avatar-5.jpg	AOy?Tb3>	Default	5	50.041692	2.750397
ut labore et dolore magna aliqua	 Lacus suspendisse faucibus interdum posuere. Ut morbi tincidunt augue interdum.	2021-12-07T15:46:06.695Z	Amsterdam	52.370216	4.895168	room-4.jpg	room-3-photo2.jpg;room-4-photo1.jpg;room-4-photo2.jpg;room-5-photo1.jpg;room-5-photo2.jpg;room-6-photo1.jpg;room-6-photo2.jpg;room-7-photo1.jpg;room-7-photo2.jpg;room-8-photo1.jpg;room-8-photo2.jpg	false	true	2.1	Apartment	8	9	85616	Baby seat;Washer;Towels;Fridge	Ray	Anderson	quaucroibreweibroi-2398@mail.com	avatar-2.jpg	0:UBjqVw	Default	0	49.511713	6.989095
duis aute irure dolor in reprehenderit	Ultricies integer quis auctor elit. In est ante in nibh mauris cursus mattis molestie.	2021-10-07T15:46:06.695Z	Hamburg	53.550341	10.000654	room-5.jpg	room-4-photo2.jpg;room-5-photo1.jpg;room-5-photo2.jpg;room-6-photo1.jpg;room-6-photo2.jpg;room-7-photo1.jpg;room-7-photo2.jpg;room-8-photo1.jpg;room-8-photo2.jpg	false	false	2.6	House	3	3	11669	Baby seat;Washer;Towels;Fridge	Mark	Davis	mehoilleutubrei-4332@mail.com	avatar-5.jpg	l.g!4prU	Pro	9	49.340479	7.351131
excepteur sint occaecat cupidatat non proident	Neque viverra justo nec ultrices dui sapien eget. Sit amet risus nullam eget felis eget nunc lobortis.	2022-01-07T15:46:06.695Z	Hamburg	53.550341	10.000654	room-4.jpg	room-4-photo1.jpg;room-4-photo2.jpg;room-5-photo1.jpg;room-5-photo2.jpg;room-6-photo1.jpg;room-6-photo2.jpg;room-7-photo1.jpg;room-7-photo2.jpg;room-8-photo1.jpg;room-8-photo2.jpg	true	true	3.3	House	4	6	30400	Breakfast;Air conditioning;Laptop friendly workspace;Baby seat;Washer	Christopher	Torres	sasoxefrauteu-3265@mail.com	avatar-2.jpg	0:UBjqVw	Default	8	50.158491	7.656148
consectetur adipiscing elit	Ultricies integer quis auctor elit. In est ante in nibh mauris cursus mattis molestie.	2022-06-12T15:46:06.695Z	Paris	48.85661	2.351499	room-3.jpg	room-3-photo1.jpg;room-3-photo2.jpg;room-4-photo1.jpg;room-4-photo2.jpg;room-5-photo1.jpg;room-5-photo2.jpg;room-6-photo1.jpg;room-6-photo2.jpg;room-7-photo1.jpg	true	false	3.8	Room	4	2	38543	Baby seat;Washer;Towels	Ray	Anderson	mijippoddekoi-8627@mail.com	avatar-2.jpg	0:UBjqVw	Default	10	49.309193	8.707295
duis aute irure dolor in reprehenderit	Neque viverra justo nec ultrices dui sapien eget. Sit amet risus nullam eget felis eget nunc lobortis.	2022-04-09T15:46:06.695Z	Amsterdam	52.370216	4.895168	room-5.jpg	room-4-photo1.jpg;room-4-photo2.jpg;room-5-photo1.jpg;room-5-photo2.jpg;room-6-photo1.jpg;room-6-photo2.jpg;room-7-photo1.jpg	true	false	3.1	Apartment	1	7	95283	Baby seat;Washer;Towels;Fridge	Mark	Davis	sasoxefrauteu-3265@mail.com	avatar-2.jpg	r8C3dFj:	Pro	2	48.166413	3.472961
quis nostrud exercitation ullamco laboris nisi 	Neque viverra justo nec ultrices dui sapien eget. Sit amet risus nullam eget felis eget nunc lobortis.	2021-10-08T15:46:06.695Z	Brussels	50.846557	4.351697	room-6.jpg	room-7-photo2.jpg;room-8-photo1.jpg;room-8-photo2.jpg	true	false	1.9	Room	3	1	71548	Fridge	Daniel	Kelly	mehoilleutubrei-4332@mail.com	avatar-1.jpg	L}eeU5Ky	Pro	2	50.339596	9.859488
ut labore et dolore magna aliqua	Neque viverra justo nec ultrices dui sapien eget. Sit amet risus nullam eget felis eget nunc lobortis.	2021-11-10T15:46:06.695Z	Paris	48.85661	2.351499	room-6.jpg	room-8-photo1.jpg;room-8-photo2.jpg	true	true	3.9	Room	7	6	36283	Air conditioning;Laptop friendly workspace;Baby seat;Washer	Judy	Chavez	mehoilleutubrei-4332@mail.com	avatar-5.jpg	+vOD3CV|	Default	3	50.590779	4.757531
duis aute irure dolor in reprehenderit	Ultricies integer quis auctor elit. In est ante in nibh mauris cursus mattis molestie.	2022-03-09T15:46:06.696Z	Paris	48.85661	2.351499	room-6.jpg	room-7-photo1.jpg;room-7-photo2.jpg;room-8-photo1.jpg;room-8-photo2.jpg	true	false	2.3	House	3	7	65007	Washer;Towels;Fridge	Christopher	Torres	quaucroibreweibroi-2398@mail.com	avatar-7.jpg	L}eeU5Ky	Default	2	49.792254	7.372426
duis aute irure dolor in reprehenderit	Volutpat odio facilisis mauris sit amet massa. Purus faucibus ornare suspendisse sed nisi lacus sed viverra.	2022-06-11T15:46:06.696Z	Hamburg	53.550341	10.000654	room-5.jpg	room-2-photo2.jpg;room-3-photo1.jpg;room-3-photo2.jpg;room-4-photo1.jpg;room-4-photo2.jpg;room-5-photo1.jpg;room-5-photo2.jpg	false	true	2	House	5	5	45804	Washer;Towels;Fridge	Ray	Anderson	zeuhummewoima-7270@mail.com	avatar-2.jpg	0:UBjqVw	Default	9	49.972507	7.081387
